{"is_source_file": true, "format": "bash script", "description": "A startup script for initializing and managing a MongoDB server, including checks for existing instances, setup of database and users, and environment configuration.", "external_files": ["db_connection.txt", "db_visualizer/mongodb.env"], "external_methods": ["mongosh", "pgrep", "lsof", "pkill", "sleep", "echo"], "published": [], "classes": [], "methods": [], "calls": ["mongosh --port ${DB_PORT} --eval \"db.adminCommand('ping')\"", "mongosh mongodb://${DB_USER}:${DB_PASSWORD}@localhost:${DB_PORT}/${DB_NAME}?authSource=admin --eval \"db.getName()\"", "pgrep -x mongod", "sudo lsof -Pan -p $MONGO_PID -i", "sudo pkill -x mongod", "mongosh --port ${DB_PORT} << EOF ... EOF", "sleep 5", "sleep 2"], "search-terms": ["mongo startup script", "mongodb management", "docker mongodb setup", "bash mongodb init", "mongodb user creation", "mongodb server check"], "state": 2, "file_id": 3, "knowledge_revision": 13, "git_revision": "7bf2308c4803df7c1ca39ca81921279b80ec07e3", "hash": "5c88115ecb130f24ae6bede778a1f58d", "format-version": 4, "code-base-name": "ecommerce_admin_database", "filename": "ecommerce_admin_database/startup.sh", "revision_history": [{"13": "7bf2308c4803df7c1ca39ca81921279b80ec07e3"}]}