{"is_source_file": true, "format": "bash script", "description": "This is a shell script designed to detect the type of database backup available (SQLite, PostgreSQL, MySQL, MongoDB) and restore it accordingly. It includes logic for restoring databases from backup files using appropriate commands and handles multiple database systems.", "external_files": ["database_backup.db", "database_backup.sql", "database_backup.archive"], "external_methods": ["cp", "ls", "sudo -u postgres pg_isready", "psql", "mysqladmin", "mysql", "mongosh", "mongorestore"], "published": [], "classes": [], "methods": [], "calls": ["cp", "ls", "sudo -u postgres pg_isready", "psql", "mysqladmin ping", "mysql", "mongosh --port", "mongosh --eval", "mongorestore", "echo", "exit"], "search-terms": ["restore_db.sh", "database restore script", "SQLite restore", "PostgreSQL restore", "MySQL restore", "MongoDB restore", "database_backup", "backup files", "database detection"], "state": 2, "file_id": 1, "knowledge_revision": 11, "git_revision": "7bf2308c4803df7c1ca39ca81921279b80ec07e3", "hash": "67505395c0df4c9c001ab8f47571f3fb", "format-version": 4, "code-base-name": "ecommerce_admin_database", "filename": "ecommerce_admin_database/restore_db.sh", "revision_history": [{"11": "7bf2308c4803df7c1ca39ca81921279b80ec07e3"}]}