{"is_source_file": false, "format": "", "description": "", "external_files": [], "external_methods": [], "published": [], "classes": [], "methods": [], "calls": [], "search-terms": [], "state": 2, "file_id": 5, "knowledge_revision": 9, "git_revision": "7bf2308c4803df7c1ca39ca81921279b80ec07e3", "hash": "0c9f36dfd1a6dee9fa952c06ab7d9563", "format-version": 4, "code-base-name": "ecommerce_admin_database", "filename": "ecommerce_admin_database/db_visualizer/package.json", "revision_history": [{"9": "7bf2308c4803df7c1ca39ca81921279b80ec07e3"}]}