{"is_source_file": true, "format": "HTML", "description": "HTML source code for a database viewer web application interface, including styles and client-side JavaScript for data fetching and display.", "external_files": ["/api/databases", "/api/{db}/tables", "/api/{db}/tables/{tableName}/data?limit=50"], "external_methods": ["fetchData('/api/databases')", "fetchData(`/api/${db}/tables`)", "fetchData(`/api/${db}/tables/${tableName}/data?limit=50`)"], "published": [], "classes": [], "methods": [{"name": "loadDatabases", "description": "Fetches and displays list of databases in the sidebar."}, {"name": "refreshDatabases", "description": "Refreshes database list and resets UI state."}, {"name": "toggleDatabase", "description": "Expands or collapses database to show tables."}, {"name": "loadTables", "description": "Fetches and displays tables within a selected database."}, {"name": "loadTableData", "description": "Fetches and renders data for a selected table."}, {"name": "renderTable", "description": "Renders data in a tabular format in the DOM."}, {"name": "renderCell", "description": "Creates individual cell contents, handling object expansion and truncation."}, {"name": "expandCell", "description": "Expands or collapses cell content to show full data."}], "calls": ["fetchData('/api/databases')", "fetchData(`/api/${db}/tables`)", "fetchData(`/api/${db}/tables/${tableName}/data?limit=50`)"], "search-terms": ["Database Viewer HTML", "Interactive database frontend", "Data table rendering", "Dynamic data visualization", "Client-side database interface"], "state": 2, "file_id": 6, "knowledge_revision": 14, "git_revision": "7bf2308c4803df7c1ca39ca81921279b80ec07e3", "hash": "ee63333a4841bf025439c755a74c9881", "format-version": 4, "code-base-name": "ecommerce_admin_database", "filename": "ecommerce_admin_database/db_visualizer/public/index.html", "revision_history": [{"14": "7bf2308c4803df7c1ca39ca81921279b80ec07e3"}]}