{"is_source_file": true, "format": "bash", "description": "A shell script to detect and back up various types of databases (SQLite, PostgreSQL, MySQL, MongoDB) by checking their availability and executing appropriate dump commands.", "external_files": ["/usr/lib/postgresql/", "/var/run/mysqld/mysqld.sock"], "external_methods": ["ls", "sudo -u postgres pg_isready", "mysqladmin", "mysql", "mysqldump", "mongosh", "mongodump"], "published": [], "classes": [], "methods": [], "calls": ["ls", "sudo -u postgres pg_isready", "mysqladmin", "mysql", "mysqldump", "mongosh", "mongodump"], "search-terms": ["backup_db.sh", "database backup script", "PostgreSQL backup", "MySQL backup", "MongoDB backup", "SQLite copy"], "state": 2, "file_id": 2, "knowledge_revision": 10, "git_revision": "7bf2308c4803df7c1ca39ca81921279b80ec07e3", "hash": "7af9aa35fa4940f934d83f6e2621b732", "format-version": 4, "code-base-name": "ecommerce_admin_database", "filename": "ecommerce_admin_database/backup_db.sh", "revision_history": [{"10": "7bf2308c4803df7c1ca39ca81921279b80ec07e3"}]}