{"is_source_file": false, "format": "", "description": "", "external_files": [], "external_methods": [], "published": [], "classes": [], "methods": [], "calls": [], "search-terms": [], "state": 2, "file_id": 7, "knowledge_revision": 12, "git_revision": "d0584cc9436cb4ff3e2a260e9ea1a4d2cb5f3a56", "hash": "2126f337713b1aa595e31d8247157db0", "format-version": 4, "code-base-name": "ecommerce_admin_database", "filename": "README.md", "revision_history": [{"12": "d0584cc9436cb4ff3e2a260e9ea1a4d2cb5f3a56"}]}